Player,Pos,To,AP1,PB,St,wAV,G,Cmp,Att,Yds,TD,Int,Att,Yds,TD,Rec,Yds,TD,Solo,Int,Sk,-9999
Isa Abdul-Quddus,S,2016,0,0,1,13,89,0,0,0,0,0,2,34,0,1,3,0,173,4,2.0,AbduIs00
Sam Acho,OLB,2019,0,0,4,30,110,0,0,0,0,0,0,0,0,0,0,0,178,3,18.0,AchoSa00
Darvin Adams,WR,2011,0,0,0,0,2,0,0,0,0,0,0,0,0,0,0,0,1,,,AdamDa00
Kris Adams,WR,2012,0,0,0,0,3,0,0,0,0,0,0,0,0,2,26,0,,,,AdamKr00
Kyle Adams,TE,2013,0,0,0,0,29,0,0,0,0,0,0,0,0,4,40,0,1,,,AdamKy00
Mario Addison,DE,2021,0,0,4,31,158,0,0,0,0,0,0,0,0,0,0,0,177,,67.0,AddiMa00
Danny Aiken,LS,2015,0,0,0,4,66,0,0,0,0,0,0,0,0,0,0,0,7,,,AikeDa00
Kamar Aiken,WR,2018,0,0,1,12,71,0,0,0,0,0,0,0,0,149,1725,9,5,,,AikeKa00
Alex Albright,LB,2012,0,0,0,3,30,0,0,0,0,0,0,0,0,0,0,0,33,,,AlbrAl00
Mister Alexander,LB,2012,0,0,0,1,14,0,0,0,0,0,0,0,0,0,0,0,11,,,AlexMi01
Anthony Allen,RB,2012,0,0,0,1,21,0,0,0,0,0,19,69,1,2,12,0,11,,,AlleAn01
Armando Allen,RB,2012,0,0,0,1,17,0,0,0,0,0,42,172,1,2,16,0,3,,,AlleAr00
Cortez Allen,DB,2015,0,0,0,10,56,0,0,0,0,0,0,0,0,0,0,0,138,6,,AlleCo00
Prince Amukamara,CB,2019,0,0,8,36,113,0,0,0,0,0,0,0,0,0,0,0,417,10,,AmukPr00
Emmanuel Arceneaux,WR,2011,0,0,0,0,3,0,0,0,0,0,0,0,0,1,10,0,,,,ArceEm00
David Arkin,OL,2016,0,0,0,0,4,0,0,0,0,0,0,0,0,0,0,0,,,,ArkiDa00
Tim Atchison,FS,2011,0,0,0,0,1,,,,,,,,,,,,,,,AtchTi00
David Ausberry,WR,2014,0,0,0,1,34,0,0,0,0,0,1,-2,0,11,120,0,12,,,AusbDa00
Marvin Austin,DL,2014,0,0,0,2,26,0,0,0,0,0,0,0,0,0,0,0,15,,,AustMa00
Thomas Austin,G,2013,0,0,0,1,8,0,0,0,0,0,0,0,0,0,0,0,,,,AustTh00
Akeem Ayers,LB,2017,0,0,4,28,97,0,0,0,0,0,0,0,0,0,0,0,221,4,15.5,AyerAk00
Allen Bailey,DL,2020,0,0,3,34,133,0,0,0,0,0,0,0,0,0,0,0,164,,22.0,BailAl00
Dan Bailey,K,2020,0,1,0,28,154,0,0,0,0,0,0,0,0,0,0,0,9,,,BailDa00
Brandon Bair,DT,2015,0,0,0,3,21,0,0,0,0,0,0,0,0,0,0,0,20,,1.5,BairBr00
Josh Baker,TE,2011,0,0,0,0,11,0,0,0,0,0,0,0,0,3,27,1,1,,,BakeJo01
Doug Baldwin,WR,2018,0,2,6,54,123,1,1,15,1,0,9,6,0,493,6563,49,1,,,BaldDo00
Jonathan Baldwin,WR,2013,0,0,1,4,33,0,0,0,0,0,0,0,0,44,607,2,,,,BaldJo00
Christian Ballard,DL,2012,0,0,0,3,32,0,0,0,0,0,0,0,0,0,0,0,16,,1.0,BallCh00
Joe Barksdale,T,2018,0,0,5,35,106,0,0,0,0,0,0,0,0,0,0,0,,,,BarkJo00
Tim Barnes,C,2017,0,0,2,14,78,0,0,0,0,0,0,0,0,0,0,0,,,,BarnTi01
Baron Batch,RB,2012,0,0,0,1,12,0,0,0,0,0,25,49,1,4,31,0,4,,,BatcBa00
Danny Batten,LB,2011,0,0,0,2,16,0,0,0,0,0,0,0,0,0,0,0,17,,0.5,BattDa99
Colin Baxter,C,2012,0,0,0,1,12,0,0,0,0,0,0,0,0,0,0,0,,,,BaxtCo00
Byron Bell,T,2018,0,0,6,36,102,0,0,0,0,0,0,0,0,0,0,0,,,,BellBy00
Nick Bellore,LB,2021,0,1,2,16,168,0,0,0,0,0,2,5,0,10,75,2,157,1,1.0,BellNi01
Armon Binns,WR,2012,0,0,1,3,11,0,0,0,0,0,0,0,0,24,277,1,,,,BinnAr00
Bront Bird,LB,2013,0,0,0,4,30,0,0,0,0,0,0,0,0,0,0,0,43,1,,BirdBr00
Ahmad Black,SS,2013,0,0,0,3,24,0,0,0,0,0,0,0,0,0,0,0,41,2,,BlacAh00
Taylor Boggs,C,2016,0,0,0,1,12,0,0,0,0,0,0,0,0,0,0,0,,,,BoggTa00
Clint Boling,RG,2018,0,0,7,46,111,0,0,0,0,0,0,0,0,0,0,0,,,,BoliCl00
Matthew Bosher,P,2019,0,0,0,14,130,0,0,0,0,0,1,0,0,0,0,0,21,,,BoshMa00
Kyle Bosworth,LB,2013,0,0,0,5,39,0,0,0,0,0,0,0,0,0,0,0,35,1,,BoswKy00
Da'Quan Bowers,DE,2015,0,0,0,7,53,0,0,0,0,0,0,0,0,0,0,0,46,,7.0,BoweDa00
Brett Brackett,TE,2014,0,0,0,0,8,0,0,0,0,0,0,0,0,0,0,0,1,,,BracBr00
Cameron Bradfield,T,2014,0,0,2,11,41,0,0,0,0,0,0,0,0,0,0,0,,,,BradCa00
Allen Bradford,RB,2015,0,0,0,1,19,0,0,0,0,0,5,13,0,0,0,0,9,,,BradAl00
Bryan Braman,LB,2017,0,0,0,6,97,0,0,0,0,0,0,0,0,0,0,0,48,,1.5,BramBr00
James Brewer,OL,2014,0,0,0,4,26,0,0,0,0,0,0,0,0,0,0,0,,,,BrewJa00
Kevin Brock,TE,2014,0,0,0,0,24,0,0,0,0,0,0,0,0,10,84,0,1,,,BrocKe00
Richie Brockel,TE,2015,0,0,0,0,49,0,0,0,0,0,4,13,1,4,25,0,9,,,BrocRi00
Mason Brodine,DE,2011,0,0,0,0,2,0,0,0,0,0,0,0,0,0,0,0,1,,,BrodMa00
Chykie Brown,DB,2016,0,0,0,5,59,0,0,0,0,0,0,0,0,0,0,0,68,,,BrowCh05
Curtis Brown,DB,2013,0,0,0,2,34,0,0,0,0,0,0,0,0,0,0,0,41,,,BrowCu01
Jalil Brown,DB,2015,0,0,0,4,49,0,0,0,0,0,0,0,0,0,0,0,55,,,BrowJa00
Patrick Brown,T,2011,0,0,0,1,16,0,0,0,0,0,0,0,0,0,0,0,,,,BrowPa00
Vincent Brown,WR,2015,0,0,1,9,38,0,0,0,0,0,0,0,0,73,941,3,,,,BrowVi00
Brandon Browner,CB,2015,0,1,5,27,61,0,0,0,0,0,0,0,0,0,0,0,187,12,,BrowBr00
Bryant Browning,G,2011,0,0,0,0,1,0,0,0,0,0,0,0,0,0,0,0,,,,BrowBr01
Corbin Bryant,DE,2016,0,0,1,11,56,0,0,0,0,0,0,0,0,0,0,0,43,,2.5,BryaCo00
Brandon Burton,DB,2013,0,0,0,1,23,0,0,0,0,0,0,0,0,0,0,0,11,,,BurtBr00
Stephen Burton,WR,2013,0,0,0,0,19,0,0,0,0,0,1,-9,0,15,149,1,,,,BurtSt00
Rafael Bush,S,2018,0,0,1,12,91,0,0,0,0,0,0,0,0,0,0,0,174,3,3.5,BushRa00
Donald Butler,LB,2016,0,0,5,29,85,0,0,0,0,0,0,0,0,0,0,0,285,3,7.0,ButlDo99
Mario Butler,CB,2015,0,0,0,1,14,0,0,0,0,0,0,0,0,0,0,0,7,,,ButlMa00
Jeff Byers,C,2013,0,0,0,5,22,0,0,0,0,0,0,0,0,0,0,0,1,,,ByerJe00
Josh Bynes,LB,2021,0,0,6,35,131,0,0,0,0,0,0,0,0,0,0,0,350,4,7.5,ByneJo00
David Caldwell,DB,2011,0,0,1,4,16,0,0,0,0,0,0,0,0,0,0,0,41,,,CaldDa00
Rob Callaway,DT,2012,0,0,0,0,2,0,0,0,0,0,0,0,0,0,0,0,,,,CallRo00
Jordan Cameron,TE,2016,0,1,4,13,66,0,0,0,0,0,0,0,0,173,2046,14,1,,,CameJo00
Michael Campbell,WR,2013,0,0,0,0,4,0,0,0,0,0,0,0,0,0,0,0,,,,CampMi01
Tommie Campbell,DB,2014,0,0,0,4,44,0,0,0,0,0,0,0,0,0,0,0,27,,,CampTo00
Marcus Cannon,OL,2021,0,0,5,42,119,0,0,0,0,0,0,0,0,0,0,0,,,,CannMa00
Selvish Capers,T,2012,0,0,0,0,3,0,0,0,0,0,0,0,0,0,0,0,,,,CapeSe20
Gabe Carimi,OL,2014,0,0,1,12,48,0,0,0,0,0,0,0,0,0,0,0,,,,CariGa00
Roc Carmichael,CB,2013,0,0,0,2,19,0,0,0,0,0,0,0,0,0,0,0,22,,,CarmRo00
James Carpenter,LG,2021,0,0,10,49,132,0,0,0,0,0,0,0,0,0,0,0,1,,,CarpJa00
Bruce Carter,LB,2018,0,0,3,20,101,0,0,0,0,0,0,0,0,0,0,0,234,5,5.0,CartBr00
Chris Carter,DL,2017,0,0,0,6,75,0,0,0,0,0,0,0,0,0,0,0,27,,,CartCh00
David Carter,DT,2013,0,0,0,4,35,0,0,0,0,0,0,0,0,0,0,0,18,,1.0,CartDa01
Delone Carter,RB,2013,0,0,0,3,27,0,0,0,0,0,133,499,5,6,31,0,,,,CartDe01
Quinton Carter,DB,2014,0,0,1,5,30,0,0,0,0,0,0,0,0,0,0,0,63,,2.0,CartQu01
Jurrell Casey,DE,2020,0,5,9,72,142,0,0,0,0,0,0,0,0,0,0,0,332,,51.0,CaseJu00
Anthony Castonzo,LT,2020,0,0,10,58,144,0,0,0,0,0,0,0,0,1,1,1,,,,CastAn00
Mike Caussin,TE,2011,0,0,0,0,6,0,0,0,0,0,0,0,0,5,41,0,5,,,CausMi00
Shaun Chapas,RB,2012,0,0,0,0,6,0,0,0,0,0,0,0,0,2,15,0,,,,ChapSh00
Chimdi Chekwa,DB,2016,0,0,0,2,35,0,0,0,0,0,0,0,0,1,22,0,46,,,ChekCh00
John Chick,DE,2012,0,0,0,2,19,0,0,0,0,0,0,0,0,0,0,0,9,,2.5,ChicJo00
Charles Clay,TE,2019,0,0,9,29,127,0,0,0,0,0,7,15,1,357,3868,24,,,,ClayCh00
John Clay,RB,2011,0,0,0,0,2,0,0,0,0,0,10,41,1,0,0,0,,,,ClayJo00
Adrian Clayborn,DL,2020,0,0,2,26,125,0,0,0,0,0,0,0,0,0,0,0,151,,40.0,ClayAd00
Zach Clayton,DT,2011,0,0,0,0,3,0,0,0,0,0,0,0,0,0,0,0,2,,,ClayZa00
Tyler Clutts,FB,2015,0,0,1,0,72,0,0,0,0,0,0,0,0,11,57,0,3,,,ClutTy00
Randall Cobb,WR,2021,0,1,5,63,142,1,4,10,0,0,63,364,0,591,7168,52,1,,,CobbRa00
Colin Cochart,TE,2011,0,0,0,0,10,0,0,0,0,0,0,0,0,5,44,1,1,,,CochCo00
Justin Cole,LB,2012,0,0,0,1,20,0,0,0,0,0,0,0,0,0,0,0,8,,,ColeJu00
Jed Collins,FB,2014,0,0,2,3,63,0,0,0,0,0,27,68,3,44,213,5,10,,,CollJe01
Kevin Cone,WR,2013,0,0,0,0,29,0,0,0,0,0,0,0,0,1,12,0,9,,,ConeKe00
T.J. Conley,P,2011,0,0,0,1,16,0,0,0,0,0,0,0,0,0,0,0,1,,,ConlT.00
Chris Conte,DB,2018,0,0,7,28,104,0,0,0,0,0,0,0,0,0,0,0,369,14,,ContCh00
Erik Cook,CG,2011,0,0,0,1,6,0,0,0,0,0,0,0,0,0,0,0,,,,CookEr00
Jim Cordle,C,2013,0,0,1,5,36,0,0,0,0,0,0,0,0,0,0,0,,,,CordJi00
Brandon Coutu,K,2011,0,0,0,0,1,0,0,0,0,0,0,0,0,0,0,0,,,,CoutBr00
Da'Mon Cromartie-Smith,S,2013,0,0,0,0,10,0,0,0,0,0,0,0,0,0,0,0,4,,,CromDa00
Chris Culliver,DB,2015,0,0,1,12,52,0,0,0,0,0,0,0,0,0,0,0,126,7,,CullCh00
Ryan D'Imperio,FB,2011,0,0,0,0,12,0,0,0,0,0,0,0,0,2,7,0,7,,,DImpRy00
Andy Dalton,QB,2021,0,3,10,86,152,3122,5018,35279,226,135,438,1411,22,3,11,1,1,,,DaltAn00
Marcell Dareus,DT,2019,1,2,7,56,121,0,0,0,0,0,0,0,0,0,0,0,255,,37.5,DareMa00
Drew Davis,WR,2014,0,0,0,2,38,0,0,0,0,0,0,0,0,16,256,3,8,,,DaviDr00
Brian De La Puente,G,2015,0,0,3,27,61,0,0,0,0,0,0,0,0,0,0,0,,,,DeLaBr00
Larry Dean,LB,2014,0,0,0,4,61,0,0,0,0,0,0,0,0,0,0,0,34,,,DeanLa00
Dom DeCicco,LB,2012,0,0,0,1,20,0,0,0,0,0,0,0,0,0,0,0,11,,,DeCiDo00
Akeem Dent,LB,2016,0,0,2,17,90,0,0,0,0,0,0,0,0,0,0,0,130,,2.5,DentAk00
James Develin,RB,2019,0,1,2,3,83,0,0,0,0,0,15,26,5,31,222,0,3,,,DeveJa00
Demarcus Dobbs,DE,2015,0,0,0,5,60,0,0,0,0,0,0,0,0,0,0,0,30,,,DobbDe00
James Dockery,DB,2014,0,0,0,2,31,0,0,0,0,0,0,0,0,0,0,0,32,,,DockJa00
Ray Dominguez,TG,2011,0,0,0,0,1,0,0,0,0,0,0,0,0,0,0,0,,,,DomiRa00
Ryan Donahue,P,2011,0,0,0,1,8,0,0,0,0,0,0,0,0,0,0,0,1,,,DonaRy00
Tandon Doss,WR,2013,0,0,0,4,35,0,0,0,0,0,0,0,0,26,428,1,1,,,DossTa00
Ras-I Dowling,DB,2014,0,0,0,1,12,0,0,0,0,0,0,0,0,0,0,0,8,,,DowlRa00
Shaun Draughn,RB,2016,0,0,0,7,57,0,0,0,0,0,225,723,7,80,597,2,10,,,DrauSh00
Kris Durham,WR,2014,0,0,1,5,27,0,0,0,0,0,0,0,0,55,699,3,,,,DurhKr00
Marcus Easley,WR,2015,0,0,0,1,42,0,0,0,0,0,0,0,0,3,71,1,41,1,,EaslMa00
Robert Eddins,LB,2011,0,0,0,0,1,0,0,0,0,0,0,0,0,0,0,0,,,,EddiRo00
A.J. Edds,LB,2014,0,0,0,1,17,0,0,0,0,0,0,0,0,0,0,0,4,,,EddsA.99
Pannel Egboh,DE,2012,0,0,0,0,6,0,0,0,0,0,0,0,0,0,0,0,2,,,EgboPa00
Kenrick Ellis,DL,2015,0,0,0,10,56,0,0,0,0,0,0,0,0,0,0,0,34,,1.0,ElliKe01
Auston English,DL,2011,0,0,0,1,7,0,0,0,0,0,0,0,0,0,0,0,4,,,EnglAu00
John Estes,C,2011,0,0,0,0,2,0,0,0,0,0,0,0,0,0,0,0,,,,EsteJo00
Darren Evans,RB,2012,0,0,0,0,3,0,0,0,0,0,0,0,0,0,0,0,,,,EvanDa00
Nick Fairley,DT,2016,0,0,4,23,77,0,0,0,0,0,0,0,0,0,0,0,114,,20.5,FairNi00
Kai Forbath,K,2020,0,0,0,14,83,0,0,0,0,0,0,0,0,0,0,0,5,,,ForbKa00
Mason Foster,LB,2018,0,0,6,40,107,0,0,0,0,0,0,0,0,0,0,0,460,8,8.5,FostMa00
Collin Franklin,TE,2011,0,0,0,0,2,0,0,0,0,0,0,0,0,0,0,0,,,,FranCo00
Orlando Franklin,RT,2017,0,0,6,42,90,0,0,0,0,0,0,0,0,0,0,0,,,,FranOr00
Stephen Franklin,LB,2011,0,0,0,0,5,0,0,0,0,0,0,0,0,0,0,0,1,,,FranSt00
Jonathan Freeny,DE,2017,0,0,0,9,68,0,0,0,0,0,0,0,0,0,0,0,69,,2.0,FreeJo01
Sione Fua,DL,2014,0,0,1,5,40,0,0,0,0,0,0,0,0,0,0,0,15,,,FuaxSi00
Brandon Fusco,C,2018,0,0,6,35,90,0,0,0,0,0,0,0,0,0,0,0,,,,FuscBr00
Blaine Gabbert,QB,2021,0,0,2,16,66,858,1525,9273,50,47,194,640,3,1,-16,0,,,,GabbBl00
Andrew Gachkar,OLB,2017,0,0,0,9,101,0,0,0,0,0,0,0,0,0,0,0,112,,2.0,GachAn00
Anthony Gaitor,DB,2012,0,0,0,1,12,0,0,0,0,0,0,0,0,0,0,0,11,,,GaitAn00
Darryl Gamble,LB,2011,0,0,0,0,5,0,0,0,0,0,0,0,0,0,0,0,,,,GambDa00
Ben Garland,OL,2020,0,0,1,12,68,0,0,0,0,0,0,0,0,0,0,0,4,,,GarlBe00
Clyde Gates,WR,2013,0,0,0,3,32,0,0,0,0,0,2,16,0,30,365,0,,,,GateCl00
Marcus Gilbert,RT,2018,0,0,5,36,88,0,0,0,0,0,0,0,0,0,0,0,,,,GilbMa00
Marcus Gilchrist,DB,2020,0,0,6,33,128,0,0,0,0,0,0,0,0,0,0,0,382,14,4.0,GilcMa00
David Gilreath,WR,2012,0,0,0,0,3,0,0,0,0,0,1,7,0,0,0,0,,,,GilrDa00
DeJon Gomes,DB,2013,0,0,0,5,46,0,0,0,0,0,0,0,0,0,0,0,55,1,,GomeDe00
Richard Gordon,TE,2015,0,0,0,0,35,0,0,0,0,0,0,0,0,4,14,1,18,,,GordRi00
A.J. Green,WR,2021,0,7,9,76,143,0,0,0,0,0,11,93,0,703,10278,68,,,,GreeA.00
Alex Green,RB,2013,0,0,0,5,29,0,0,0,0,0,149,510,0,21,139,0,3,,,GreeAl00
Marshay Green,CB,2012,0,0,0,0,2,0,0,0,0,0,0,0,0,0,0,0,4,,,GreeMa01
Virgil Green,TE,2020,0,0,5,8,137,0,0,0,0,0,2,3,0,102,1145,7,15,,,GreeVi00
Tori Gurley,WR,2013,0,0,0,0,3,0,0,0,0,0,0,0,0,1,15,0,,,,GurlTo00
Lawrence Guy,DT,2021,0,0,6,54,146,0,0,0,0,0,0,0,0,0,0,0,237,1,15.0,GuyxLa00
Eric Hagg,DB,2012,0,0,0,3,22,0,0,0,0,0,0,0,0,0,0,0,30,,,HaggEr00
Chris Hairston,T,2017,0,0,2,17,74,0,0,0,0,0,0,0,0,0,0,0,,,,HairCh00
Bryan Hall,DT,2012,0,0,0,0,5,0,0,0,0,0,0,0,0,0,0,0,1,,,HallBr00
Leonard Hankerson,WR,2015,0,0,1,12,41,0,0,0,0,0,2,5,0,107,1408,9,,,,HankLe00
Montario Hardesty,RB,2012,0,0,0,4,23,0,0,0,0,0,153,537,1,16,138,0,,,,HardMo00
Ramon Harewood,T,2012,0,0,0,2,6,0,0,0,0,0,0,0,0,0,0,0,,,,HareRa00
Jamie Harper,RB,2012,0,0,0,1,23,0,0,0,0,0,36,74,4,5,40,0,2,,,HarpJa01
Graham Harrell,QB,2012,0,0,0,0,4,2,4,20,0,0,4,-3,0,0,0,0,,,,HarrGr00
Brandon Harris,DB,2014,0,0,0,3,42,0,0,0,0,0,0,0,0,0,0,0,38,,,HarrBr00
Chris Harris Jr.,CB,2021,1,4,10,67,162,0,0,0,0,0,0,0,0,0,0,0,498,22,5.0,HarrCh01
DuJuan Harris,RB,2016,0,0,0,5,38,0,0,0,0,0,145,590,2,21,244,1,1,,,HarrDu01
Dwayne Harris,WR,2020,0,1,0,12,109,0,0,0,0,0,9,37,0,77,874,8,41,,,HarrDw00
Marcus Harris,WR,2014,0,0,0,1,4,0,0,0,0,0,0,0,0,0,0,0,,,,HarrMa02
Brett Hartmann,P,2011,0,0,0,2,12,0,0,0,0,0,0,0,0,0,0,0,4,,,HartBr01
Joe Hastings,WR,2011,0,0,0,0,1,0,0,0,0,0,0,0,0,0,0,0,,,,HastJo00
Stanley Havili,RB,2013,0,0,1,1,28,0,0,0,0,0,13,29,1,25,171,1,11,,,HaviSt00
Andrew Hawkins,WR,2016,0,0,2,17,74,0,0,0,0,0,18,73,0,209,2419,9,8,,,HawkAn00
Chris Hawkins,CB,2011,0,0,0,1,9,0,0,0,0,0,0,0,0,0,0,0,11,,,HawkCh00
Kellen Heard,DT,2012,0,0,0,3,26,0,0,0,0,0,0,0,0,0,0,0,18,,2.0,HearKe00
T.J. Heath,CB,2014,0,0,0,0,7,0,0,0,0,0,0,0,0,0,0,0,,,,HeatT.00
Roy Helu,RB,2015,0,0,1,13,57,0,0,0,0,0,272,1171,7,138,1227,4,3,,,HeluRo00
Dwayne Hendricks,DT,2011,0,0,0,0,1,0,0,0,0,0,0,0,0,0,0,0,,,,HendDw00
Alex Henery,K,2014,0,0,0,8,50,0,0,0,0,0,0,0,0,0,0,0,4,,,HeneAl00
Chas Henry,P,2012,0,0,0,2,19,0,1,0,0,0,0,0,0,0,0,0,2,,,HenrCh02
Ricky Henry,G,2012,0,0,0,0,2,0,0,0,0,0,0,0,0,0,0,0,,,,HenrRi00
Mark Herzlich,LB,2016,0,0,1,11,88,0,0,0,0,0,0,0,0,0,0,0,118,,1.0,HerzMa00
Cameron Heyward,DT,2021,3,5,9,89,166,0,0,0,0,0,0,0,0,0,0,0,340,2,68.0,HeywCa01
Michael Higgins,TE,2012,0,0,0,0,4,0,0,0,0,0,0,0,0,2,1,0,,,,HiggMi00
Jermale Hines,DB,2011,0,0,0,0,10,0,0,0,0,0,0,0,0,0,0,0,3,,,HineJe00
Brandon Hogan,DB,2011,0,0,0,0,3,0,0,0,0,0,0,0,0,0,0,0,2,,,HogaBr00
Chris Hogan,WR,2021,0,0,2,24,105,1,1,4,0,0,7,30,0,220,2836,19,14,,,HogaCh00
Doug Hogue,LB,2012,0,0,0,2,27,0,0,0,0,0,0,0,0,0,0,0,11,,,HoguDo01
Devin Holland,S,2011,0,0,0,0,4,0,0,0,0,0,0,0,0,0,0,0,2,,,HollDe00
Trindon Holliday,WR,2014,0,0,0,4,33,0,0,0,0,0,1,7,0,2,17,0,,,,HollTr00
Andre Holmes,WR,2018,0,0,1,12,94,0,0,0,0,0,0,0,0,128,1744,15,27,,,HolmAn00
Davon House,DB,2018,0,0,2,17,87,0,0,0,0,0,0,0,0,0,0,0,185,7,3.0,HousDa00
Rob Housler,TE,2015,0,0,3,9,65,0,0,0,0,0,1,1,0,109,1166,1,4,,,HousRo01
Justin Houston,LB,2021,1,4,10,72,149,0,0,0,0,0,0,0,0,0,0,0,390,4,102.0,HousJu00
Rodney Hudson,C,2021,0,3,9,60,155,0,0,0,0,0,0,0,0,0,0,0,1,,,HudsRo00
Kevin Hughes,T,2011,0,0,0,0,3,0,0,0,0,0,0,0,0,0,0,0,,,,HughKe00
Robert Hughes,RB,2014,0,0,0,1,23,0,0,0,0,0,8,16,0,10,149,0,4,,,HughRo00
Phillip Hunt,LB,2015,0,0,0,2,24,0,0,0,0,0,0,0,0,0,0,0,21,,4.0,HuntPh00
Kendall Hunter,RB,2015,0,0,0,12,45,0,0,0,0,0,263,1204,7,27,268,0,6,,,HuntKe00
Maurice Hurt,OL,2012,0,0,1,6,21,0,0,0,0,0,0,0,0,0,0,0,,,,HurtMa00
Henry Hynoski,FB,2014,0,0,1,2,46,0,0,0,0,0,12,33,0,24,138,1,,,,HynoHe01
Carl Ihenacho,DE,2012,0,0,0,0,3,,,,,,,,,,,,1,,,IhenCa00
Ben Ijalana,OL,2017,0,0,1,6,34,0,0,0,0,0,0,0,0,0,0,0,,,,IjalBe00
Mark Ingram,RB,2021,0,3,5,65,146,0,0,0,0,0,1755,7878,64,287,2057,10,2,,,IngrMa01
Nate Irving,LB,2015,0,0,1,9,62,0,0,0,0,0,0,0,0,0,0,0,79,,3.0,IrviNa00
Rod Issac,DB,2011,0,0,0,0,3,0,0,0,0,0,0,0,0,0,0,0,,,,IssaRo00
Ben Jacobs,LB,2018,0,0,0,4,73,0,0,0,0,0,0,0,0,0,0,0,21,,,JacoBe00
Jaiquawn Jarrett,DB,2015,0,0,0,5,47,0,0,0,0,0,0,0,0,0,0,0,62,2,1.5,JarrJa00
Lestar Jean,WR,2013,0,0,0,1,27,0,0,0,0,0,0,0,0,10,186,1,1,,,JeanLe01
Lemuel Jeanpierre,C,2015,0,0,0,9,63,0,0,0,0,0,0,0,0,0,0,0,,,,JeanLe00
Jarvis Jenkins,DL,2018,0,0,3,23,98,0,0,0,0,0,0,0,0,0,0,0,87,,7.0,JenkJa01
M.D. Jennings,S,2013,0,0,2,10,47,0,0,0,0,0,1,6,0,0,0,0,100,1,1.0,JennM.00
Jerrel Jernigan,WR,2014,0,0,0,2,34,0,0,0,0,0,4,61,1,38,391,2,1,,,JernJe00
George Johnson,DE,2017,0,0,0,6,45,0,0,0,0,0,0,0,0,0,0,0,43,,8.5,JohnGe00
Jeron Johnson,DB,2016,0,0,0,5,64,0,0,0,0,0,0,0,0,0,0,0,46,,2.0,JohnJe02
Mike Johnson,G,2012,0,0,0,2,18,0,0,0,0,0,0,0,0,1,1,1,,,,JohnMi23
Robert Johnson,S,2012,0,0,0,2,15,0,0,0,0,0,0,0,0,0,0,0,14,1,,JohnRo99
Terrence Johnson,DB,2012,0,0,0,1,12,0,0,0,0,0,0,0,0,0,0,0,28,,,JohnTe01
Tom Johnson,DT,2018,0,0,1,22,116,0,0,0,0,0,0,0,0,0,0,0,119,1,25.5,JohnTo01
Chris Jones,P,2020,0,0,0,12,126,0,1,0,0,0,3,54,0,0,0,0,5,,,JoneCh02
Colin Jones,DB,2019,0,0,0,12,137,0,0,0,0,0,1,5,0,0,0,0,93,3,1.0,JoneCo01
Eddie Jones,DE,2011,0,0,0,0,1,,,,,,,,,,,,,,,JoneEd01
Greg Jones,LB,2012,0,0,0,3,22,0,0,0,0,0,0,0,0,0,0,0,26,,,JoneGr02
Julio Jones,WR,2021,2,7,9,99,145,0,0,0,0,0,19,118,0,879,13330,61,1,,,JoneJu02
Taiwan Jones,RB,2021,0,0,0,3,121,0,0,0,0,0,53,223,0,19,260,1,59,,,JoneTa00
Cameron Jordan,DE,2021,1,7,11,92,176,0,0,0,0,0,0,0,0,0,0,0,384,2,107.0,JordCa00
Colin Kaepernick,QB,2016,0,0,4,45,69,1011,1692,12271,72,30,375,2300,13,0,0,0,,,,KaepCo00
Mike Kafka,QB,2011,0,0,0,0,4,11,16,107,0,2,3,0,0,0,0,0,,,,KafkMi00
Frank Kearse,DT,2015,0,0,0,5,35,0,0,0,0,0,0,0,0,0,0,0,29,,5.5,KearFr00
Thomas Keiser,DE,2014,0,0,0,4,27,0,0,0,0,0,0,0,0,0,0,0,33,2,9.0,KeisTh00
Jason Kelce,C,2021,4,5,10,86,159,0,0,0,0,0,0,0,0,0,0,0,,,,KelcJa00
Lance Kendricks,TE,2019,0,0,6,16,137,0,0,0,0,0,1,-8,0,244,2555,19,6,,,KendLa00
Shiloh Keo,DB,2016,0,0,1,8,56,0,0,0,0,0,1,8,0,0,0,0,78,3,,KeoxSh00
Jeremy Kerley,WR,2018,0,0,4,23,99,2,4,83,0,0,18,133,0,270,3116,13,1,,,KerlJe00
Ryan Kerrigan,DE,2021,0,4,9,63,172,0,0,0,0,0,0,0,0,0,0,0,333,3,95.5,KerrRy00
Daniel Kilgore,G,2020,0,0,3,26,98,0,0,0,0,0,0,0,0,0,0,0,,,,KilgDa00
Sergio Kindle,LB,2012,0,0,0,0,3,0,0,0,0,0,0,0,0,0,0,0,1,,,KindSe99
Jarriel King,T,2011,0,0,0,0,1,0,0,0,0,0,0,0,0,0,0,0,,,,KingJa00
Jammie Kirlew,LB,2011,0,0,0,0,1,0,0,0,0,0,0,0,0,0,0,0,,,,KirlJa99
Karl Klug,DL,2017,0,0,0,13,109,0,0,0,0,0,0,0,0,1,9,0,87,,21.5,KlugKa00
Jameson Konz,TE,2011,0,0,0,0,1,0,0,0,0,0,0,0,0,0,0,0,1,,,KonzJa00
Kevin Kowalski,C,2012,0,0,0,1,12,0,0,0,0,0,0,0,0,0,0,0,,,,KowaKe00
Jamari Lattimore,LB,2015,0,0,0,8,64,0,0,0,0,0,0,0,0,0,0,0,66,1,2.0,LattJa00
Joe Lefeged,DB,2013,0,0,0,4,36,0,0,0,0,0,0,0,0,0,0,0,29,2,,LefeJo00
Orie Lemon,LB,2015,0,0,0,4,26,0,0,0,0,0,0,0,0,0,0,0,24,,,LemoOr00
Mikel Leshoure,RB,2013,0,0,1,5,17,0,0,0,0,0,217,807,9,34,214,0,,,,LeshMi00
Anthony Levine,S,2021,0,0,0,10,146,0,0,0,0,0,3,65,0,0,0,0,117,2,4.0,LeviAn00
Lazarius Levingston,DL,2012,0,0,0,0,7,0,0,0,0,0,0,0,0,0,0,0,3,,,LeviLa00
Dion Lewis,RB,2020,0,0,2,31,102,0,0,0,0,0,567,2425,13,191,1408,8,1,,,LewiDi00
Thaddeus Lewis,QB,2013,0,0,0,3,7,115,189,1296,5,4,25,55,1,0,0,0,,,,LewiTh01
Greg Little,WR,2014,0,0,3,12,54,0,0,0,0,0,5,30,0,161,1890,8,1,,,LittGr00
Corey Liuget,DT,2020,0,0,7,42,124,0,0,0,0,0,0,0,0,0,0,0,219,,26.0,LiugCo00
Greg Lloyd,LB,2012,0,0,0,0,2,0,0,0,0,0,0,0,0,0,0,0,,,,LloyGr01
Jake Locker,QB,2014,0,0,1,15,30,408,709,4967,27,22,95,644,5,0,0,0,,,,LockJa00
Ricardo Lockette,WR,2015,0,0,0,5,34,0,0,0,0,0,2,0,0,22,451,4,11,,,LockRi00
Michael Lockley,LB,2011,0,0,0,0,7,,,,,,,,,,,,,,,LockMi00
Ricky Lumpkin,DT,2014,0,0,0,1,7,0,0,0,0,0,0,0,0,0,0,0,7,,1.0,LumpRi00
Scott Lutrus,LB,2011,0,0,0,0,4,0,0,0,0,0,0,0,0,0,0,0,3,,,LutrSc00
Mossis Madu,RB,2011,0,0,0,1,9,0,0,0,0,0,15,55,0,10,72,0,2,,,MaduMo00
Jeff Maehl,WR,2014,0,0,0,1,27,0,0,0,0,0,0,0,0,9,113,1,4,,,MaehJe00
Ryan Mahaffey,FB,2011,0,0,0,0,5,0,0,0,0,0,0,0,0,1,5,0,1,,,MahaRy00
Kevin Malast,LB,2011,0,0,0,0,3,0,0,0,0,0,0,0,0,0,0,0,2,,,MalaKe00
John Malecki,G,2012,0,0,0,0,1,0,0,0,0,0,0,0,0,0,0,0,,,,MaleJo00
Ryan Mallett,QB,2017,0,0,0,4,21,190,345,1835,9,10,28,-5,1,0,0,0,,,,MallRy00
Steve Maneri,T,2014,0,0,1,2,24,0,0,0,0,0,0,0,0,6,52,0,,,,ManeSt00
Owen Marecic,RB,2012,0,0,0,0,24,0,0,0,0,0,4,8,0,5,31,0,3,,,MareOw00
Curtis Marsh,DB,2013,0,0,0,1,26,0,0,0,0,0,0,0,0,0,0,0,13,,,MarsCu01
Casey Matthews,LB,2014,0,0,1,10,64,0,0,0,0,0,0,0,0,0,0,0,81,,2.5,MattCa00
Cliff Matthews,DL,2016,0,0,0,3,35,0,0,0,0,0,0,0,0,0,0,0,20,,,MattCl01
Byron Maxwell,DB,2017,0,0,3,22,83,0,0,0,0,0,0,0,0,0,0,0,203,11,,MaxwBy00
Colin McCarthy,LB,2013,0,0,1,11,36,0,0,0,0,0,0,0,0,0,0,0,117,3,,McCaCo00
Terrell McClain,DL,2019,0,0,2,17,92,0,0,0,0,0,0,0,0,0,0,0,86,,7.5,McClTe00
Albert McClellan,DE,2019,0,0,2,18,108,0,0,0,0,0,0,0,0,0,0,0,131,,3.0,McClAl00
Jamie McCoy,TE,2012,0,0,0,0,1,0,0,0,0,0,0,0,0,0,0,0,,,,McCoJa00
Nick McDonald,G,2014,0,0,1,6,24,0,0,0,0,0,0,0,0,0,0,0,,,,McDoNi00
Greg McElroy,QB,2012,0,0,0,1,2,19,31,214,1,1,8,30,0,0,0,0,,,,McElGr00
Richmond McGee,P,2011,0,0,0,0,1,0,0,0,0,0,0,0,0,0,0,0,,,,McGeRi01
Garrett McIntyre,LB,2013,0,0,0,7,42,0,0,0,0,0,0,0,0,0,0,0,44,,5.5,McInGa00
Mike McNeill,TE,2013,0,0,0,0,32,0,0,0,0,0,0,0,0,5,36,0,1,,,McNeMi00
Pernell McPhee,DL,2021,0,0,3,28,141,0,0,0,0,0,0,0,0,0,0,0,201,1,38.0,McPhPe00
Jake McQuaide,LS,2021,0,2,0,11,177,0,0,0,0,0,0,0,0,0,0,0,7,,,McQuJa00
Richard Medlin,RB,2011,0,0,0,0,1,0,0,0,0,0,0,0,0,0,0,0,,,,MedlRi00
Kerry Meier,WR,2011,0,0,0,0,12,0,0,0,0,0,0,0,0,0,0,0,,,,MeieKe00
Bruce Miller,FB,2020,0,0,5,7,85,0,0,0,0,0,28,62,1,77,736,3,27,,,MillBr02
Drew Miller,C,2011,0,0,0,0,1,,,,,,,,,,,,,,,MillDr00
Gabe Miller,OLB,2014,0,0,0,0,7,0,0,0,0,0,0,0,0,0,0,0,2,,,MillGa00
Jordan Miller,DT,2013,0,0,0,0,3,0,0,0,0,0,0,0,0,0,0,0,2,,,MillJo01
Von Miller,LB,2021,3,8,9,101,150,0,0,0,0,0,0,0,0,0,0,0,413,2,115.5,MillVo00
Dontay Moch,DL,2014,0,0,0,0,8,0,0,0,0,0,0,0,0,0,0,0,7,,1.0,MochDo00
John Moffitt,G,2013,0,0,1,6,19,0,0,0,0,0,0,0,0,0,0,0,,,,MoffJo00
Mike Mohamed,LB,2015,0,0,0,4,26,0,0,0,0,0,0,0,0,0,0,0,44,1,,MohaMi00
Denarius Moore,WR,2015,0,0,3,15,57,0,0,0,0,0,7,57,1,142,2169,17,,,,MoorDe02
Rahim Moore,FS,2015,0,0,3,20,64,0,0,0,0,0,0,0,0,0,0,0,180,9,1.0,MoorRa00
Sterling Moore,CB,2017,0,0,2,13,75,0,0,0,0,0,0,0,0,0,0,0,150,6,,MoorSt00
Joe Morgan,WR,2015,0,0,0,4,21,0,0,0,0,0,2,68,0,14,471,3,,,,MorgJo01
Mike Morgan,LB,2016,0,0,0,7,76,0,0,0,0,0,0,0,0,0,0,0,42,1,1.0,MorgMi00
Adrian Moten,LB,2012,0,0,0,1,13,0,0,0,0,0,0,0,0,0,0,0,5,,,MoteAd00
Jonas Mouton,LB,2012,0,0,0,0,3,0,0,0,0,0,0,0,0,0,0,0,1,,,MoutJo00
Richard Murphy,RB,2012,0,0,0,0,5,0,0,0,0,0,23,92,0,0,0,0,,,,MurpRi00
DeMarco Murray,RB,2017,1,3,7,60,99,1,2,10,1,0,1604,7174,49,307,2165,6,,,,MurrDe00
Bill Nagy,C,2011,0,0,0,2,4,0,0,0,0,0,0,0,0,0,0,0,,,,NagyBi00
Chris Neild,NT,2013,0,0,0,2,24,0,0,0,0,0,0,0,0,0,0,0,8,,2.0,NeilCh00
Cory Nelms,CB,2012,0,0,0,0,1,0,0,0,0,0,0,0,0,0,0,0,,,,NelmCo00
Jonathan Nelson,DB,2011,0,0,0,1,2,0,0,0,0,0,0,0,0,0,0,0,6,1,,NelsJo01
Drake Nevis,DL,2013,0,0,0,4,26,0,0,0,0,0,0,0,0,0,0,0,27,,1.0,NeviDr00
Marshall Newhouse,T,2020,0,0,4,40,133,0,0,0,0,0,0,0,0,0,0,0,,,,NewhMa20
Jamar Newsome,WR,2012,0,0,0,0,8,0,0,0,0,0,0,0,0,5,73,0,,,,NewsJa00
Cam Newton,QB,2021,1,3,9,115,148,2682,4474,32382,194,123,1118,5628,75,3,68,1,,,,NewtCa00
Derek Newton,T,2018,0,0,4,28,83,0,0,0,0,0,0,0,0,0,0,0,,,,NewtDe00
Jordan Norwood,WR,2016,0,0,1,6,42,0,0,0,0,0,2,1,0,79,844,2,2,,,NorwJo00
Stephen Paea,DT,2017,0,0,3,19,83,0,0,0,0,0,0,0,0,0,0,0,76,,14.0,PaeaSt00
Ron Parker,CB,2018,0,0,5,26,104,0,0,0,0,0,0,0,0,0,0,0,345,11,8.0,ParkRo01
Jermey Parnell,T,2018,0,0,4,29,111,0,0,0,0,0,0,0,0,0,0,0,,,,ParnJe00
Alex Parsons,OL,2012,0,0,0,1,16,0,0,0,0,0,0,0,0,0,0,0,,,,ParsAl00
Johnny Patrick,DB,2013,0,0,0,4,37,0,0,0,0,0,0,0,0,0,0,0,62,1,1.5,PatrJo00
Niles Paul,WR,2018,0,0,1,7,88,0,0,0,0,0,5,7,0,78,954,2,26,,,PaulNi00
Spencer Paysinger,LB,2017,0,0,1,13,94,0,0,0,0,0,0,0,0,0,0,0,172,,1.0,PaysSp00
Michael Person,T,2019,0,0,3,23,73,0,0,0,0,0,0,0,0,0,0,0,,,,PersMi00
Patrick Peterson,CB,2021,3,8,11,98,167,1,1,17,0,0,7,34,0,10,64,0,481,29,4.0,PetePa00
Austin Pettis,WR,2014,0,0,0,8,51,0,0,0,0,0,1,-6,0,107,1034,9,1,,,PettAu00
Zack Pianalto,TE,2011,0,0,0,0,13,0,0,0,0,0,0,0,0,4,40,0,,,,PianZa00
Kealoha Pilares,WR,2012,0,0,0,1,20,0,0,0,0,0,1,17,0,2,42,1,6,,,PilaKe00
Jason Pinkston,OL,2013,0,0,1,10,25,0,0,0,0,0,0,0,0,0,0,0,,,,PinkJa00
Christian Ponder,QB,2014,0,0,3,22,38,632,1057,6658,38,36,126,639,7,1,-15,0,1,,,PondCh00
Quinn Porter,RB,2011,0,0,0,0,12,0,0,0,0,0,0,0,0,0,0,0,4,,,PortQu00
Julian Posey,CB,2013,0,0,0,1,7,0,0,0,0,0,0,0,0,0,0,0,3,,1.0,PoseJu00
Mike Pouncey,C,2019,0,4,7,52,114,0,0,0,0,0,0,0,0,0,0,0,,,,PounMi00
Jerrell Powe,DL,2014,0,0,0,5,28,0,0,0,0,0,0,0,0,0,0,0,12,,1.0,PoweJe00
Bilal Powell,RB,2019,0,0,3,26,109,1,2,30,0,0,850,3675,15,211,1600,5,5,,,PoweBi00
William Powell,RB,2012,0,0,0,2,13,0,0,0,0,0,60,217,0,19,132,0,,,,PoweWi00
Michael Preston,WR,2013,0,0,0,0,11,0,0,0,0,0,0,0,0,10,96,2,1,,,PresMi00
Chris Prosinski,DB,2017,0,0,0,10,88,0,0,0,0,0,1,2,0,0,0,0,127,1,1.0,ProsCh00
Julius Pruitt,WR,2011,0,0,0,0,9,0,0,0,0,0,0,0,0,0,0,0,2,,,PruiJu00
Terrelle Pryor,QB,2018,0,0,2,16,51,175,311,1994,9,12,103,646,4,115,1563,7,,,,PryoTe00
Robert Quinn,DE,2021,1,3,9,68,156,0,0,0,0,0,0,0,0,0,0,0,278,,101.0,QuinRo00
Will Rackley,GC,2013,0,0,2,8,26,0,0,0,0,0,0,0,0,0,0,0,,,,RackWi01
Mistral Raymond,DB,2013,0,0,0,4,32,0,0,0,0,0,0,0,0,0,0,0,34,1,,RaymMi00
Brooks Reed,DL,2020,0,0,6,37,131,0,0,0,0,0,0,0,0,0,0,0,191,1,23.5,ReedBr00
D'Aundre Reed,DL,2012,0,0,0,0,6,0,0,0,0,0,0,0,0,0,0,0,,,,ReedD'00
Jah Reid,OT,2016,0,0,2,10,61,0,0,0,0,0,0,0,0,0,0,0,,,,ReidJa00
Allen Reisner,TE,2013,0,0,0,0,17,0,0,0,0,0,0,0,0,7,58,0,1,,,ReisAl00
Joe Reitz,T,2016,0,0,3,21,73,0,0,0,0,0,1,0,0,0,0,0,,,,ReitJo00
Konrad Reuland,TE,2015,0,0,0,1,30,0,0,0,0,0,0,0,0,12,90,0,1,,,ReulKo00
Chase Reynolds,RB,2016,0,0,0,0,59,0,0,0,0,0,0,0,0,1,4,0,34,,,ReynCh00
Dallas Reynolds,G,2015,0,0,1,9,50,0,0,0,0,0,0,0,0,0,0,0,,,,ReynDa01
Stevan Ridley,RB,2018,0,0,1,25,73,0,0,0,0,0,743,3102,24,30,162,0,1,,,RidlSt00
Mike Rivera,LB,2012,0,0,0,1,11,0,0,0,0,0,0,0,0,0,0,0,6,,,RiveMi00
Craig Robertson,LB,2020,0,0,5,34,136,0,0,0,0,0,0,0,0,0,0,0,372,10,9.0,RobeCr00
Aldrick Robinson,WR,2018,0,0,0,12,84,0,0,0,0,0,4,10,0,86,1422,14,6,,,RobiAl00
Jacquizz Rodgers,RB,2018,0,0,0,24,110,0,0,0,0,0,545,2067,9,216,1590,5,11,,,RodgJa00
Justin Rogers,DB,2015,0,0,0,4,43,0,0,0,0,0,0,0,0,0,0,0,66,3,,RogeJu00
Brian Rolle,LB,2012,0,0,1,6,20,0,0,0,0,0,0,0,0,0,0,0,45,,1.0,RollBr00
Brandian Ross,CB,2015,0,0,2,9,45,0,0,0,0,0,0,0,0,0,0,0,113,2,2.0,RossBr00
Jay Ross,DT,2013,0,0,0,0,6,0,0,0,0,0,0,0,0,0,0,0,1,,,RossJa00
Jeremy Ross,WR,2016,0,0,1,7,51,0,0,0,0,0,5,41,0,43,506,3,5,,,RossJe01
Evan Royster,RB,2013,0,0,0,4,32,0,0,0,0,0,81,416,2,25,180,0,3,,,RoysEv00
Chris Rucker,DB,2011,0,0,0,2,15,0,0,0,0,0,0,0,0,0,0,0,26,,,RuckCh00
Kyle Rudolph,TE,2021,0,2,10,36,156,0,0,0,0,0,0,0,0,479,4745,49,,,,RudoKy00
Kevin Rutland,CB,2012,0,0,0,4,27,0,0,0,0,0,0,0,0,0,0,0,27,1,,RutlKe00
Brandon Saine,RB,2012,0,0,0,1,14,0,0,0,0,0,18,69,0,10,69,0,4,,,SainBr00
Greg Salas,WR,2016,0,0,0,4,29,0,0,0,0,0,2,28,1,50,704,1,2,,,SalaGr00
DeMarco Sampson,WR,2011,0,0,0,0,12,0,0,0,0,0,0,0,0,3,36,0,1,,,SampDe00
Robert Sands,FS,2011,0,0,0,0,1,0,0,0,0,0,0,0,0,0,0,0,,,,SandRo00
Brian Sanford,DL,2013,0,0,0,1,12,0,0,0,0,0,0,0,0,0,0,0,7,,,SanfBr00
Dane Sanzenbacher,WR,2014,0,0,0,4,43,0,0,0,0,0,2,-5,0,43,449,3,2,1,,SanzDa00
Ricky Sapp,LB,2014,0,0,0,1,17,0,0,0,0,0,0,0,0,0,0,0,3,,,SappRi99
Tyler Sash,SS,2012,0,0,0,1,23,0,0,0,0,0,0,0,0,0,0,0,17,,,SashTy00
Weslye Saunders,TE,2014,0,0,0,0,34,0,0,0,0,0,0,0,0,10,90,1,3,,,SaunWe00
Damik Scafe,DE,2012,0,0,0,0,2,0,0,0,0,0,0,0,0,0,0,0,,,,ScafDa00
Stephen Schilling,OL,2014,0,0,0,5,26,0,0,0,0,0,0,0,0,0,0,0,,,,SchiSt00
Caleb Schlauderaff,OL,2013,0,0,0,1,12,0,0,0,0,0,0,0,0,0,0,0,,,,SchlCa00
Chris Scott,T,2016,0,0,0,9,45,0,0,0,0,0,0,0,0,0,0,0,,,,ScotCh23
Da'Rel Scott,RB,2013,0,0,0,1,20,0,0,0,0,0,31,98,0,13,115,1,2,,,ScotDa01
Da'Norris Searcy,DB,2018,0,0,3,24,109,0,0,0,0,0,0,0,0,0,0,0,240,8,4.5,SearDa00
Jabaal Sheard,DL,2021,0,0,7,47,145,0,0,0,0,0,0,0,0,0,0,0,274,,53.0,SheaJa00
Cameron Sheffield,LB,2012,0,0,0,1,17,0,0,0,0,0,0,0,0,0,0,0,7,,,ShefCa99
Kelvin Sheppard,LB,2018,0,0,4,25,107,0,0,0,0,0,0,0,0,0,0,0,281,2,3.0,ShepKe00
Anthony Sherman,RB,2020,0,1,3,5,153,0,0,0,0,0,28,73,1,66,552,4,58,,,SherAn00
Richard Sherman,DB,2021,3,5,9,97,144,0,0,0,0,0,0,0,0,0,0,0,385,37,2.0,SherRi00
Derek Sherrod,OL,2014,0,0,0,3,20,0,0,0,0,0,0,0,0,0,0,0,,,,SherDe00
Cecil Shorts,WR,2016,0,0,4,19,70,3,3,53,2,0,11,43,0,229,2979,14,,,,ShorCe00
Sealver Siliga,DT,2017,0,0,0,9,44,0,0,0,0,0,0,0,0,0,0,0,47,,6.5,SiliSe00
Mana Silva,S,2012,0,0,0,0,12,0,0,0,0,0,0,0,0,0,0,0,7,,,SilvMa00
Ricardo Silva,S,2012,0,0,0,3,14,0,0,0,0,0,0,0,0,0,0,0,33,1,,SilvRi00
Alex Silvestro,DE,2011,0,0,0,0,1,,,,,,,,,,,,,,,SilvAl00
David Sims,S,2012,0,0,0,1,15,0,0,0,0,0,0,0,0,0,0,0,11,,,SimsDa01
Buster Skrine,DB,2021,0,0,4,35,158,0,0,0,0,0,0,0,0,0,0,0,491,10,3.5,SkriBu00
Aldon Smith,DE,2020,1,1,4,34,75,0,0,0,0,0,0,0,0,0,0,0,172,1,52.5,SmitAl04
Andre Smith,TE,2013,0,0,0,0,5,0,0,0,0,0,0,0,0,0,0,0,,,,SmitAn02
Armond Smith,RB,2013,0,0,0,0,12,0,0,0,0,0,10,7,0,0,0,0,3,,,SmitAr00
Brian Smith,LB,2011,0,0,0,0,2,0,0,0,0,0,0,0,0,0,0,0,,,,SmitBr02
Chris Smith,DB,2011,0,0,0,0,3,0,0,0,0,0,0,0,0,0,0,0,3,,,SmitCh02
D'Anthony Smith,DT,2015,0,0,0,1,14,0,0,0,0,0,0,0,0,0,0,0,8,,,SmitDA99
D.J. Smith,LB,2014,0,0,0,5,24,0,0,0,0,0,0,0,0,0,0,0,62,1,2.0,SmitD.00
Jimmy Smith,CB,2021,0,0,5,33,128,0,0,0,0,0,0,0,0,0,0,0,324,14,3.0,SmitJi03
Lee Smith,TE,2021,0,0,4,5,149,0,0,0,0,0,0,0,0,73,523,11,4,,,SmitLe00
Malcolm Smith,OLB,2021,0,0,2,32,134,0,0,0,0,0,0,0,0,0,0,0,376,7,7.0,SmitMa02
Shelley Smith,G,2014,0,0,0,7,36,0,0,0,0,0,0,0,0,0,0,0,,,,SmitSh22
Torrey Smith,WR,2018,0,0,7,37,119,0,0,0,0,0,8,45,0,319,5141,41,,,,SmitTo02
Tyron Smith,OT,2021,2,8,10,81,144,0,0,0,0,0,0,0,0,0,0,0,1,,,SmitTy00
Willie Smith,T,2014,0,0,0,6,29,0,0,0,0,0,0,0,0,0,0,0,,,,SmitWi00
Vic So'oto,LB,2013,0,0,0,1,14,0,0,0,0,0,0,0,0,0,0,0,7,,1.0,SootVi00
Nate Solder,T,2021,0,0,9,64,146,0,0,0,0,0,0,0,0,0,0,0,3,,,SoldNa00
Chad Spann,RB,2013,0,0,0,0,1,0,0,0,0,0,0,0,0,0,0,0,,,,SpanCh00
Quinton Spears,LB,2011,0,0,0,1,13,0,0,0,0,0,0,0,0,0,0,0,8,,,SpeaQu00
R.J. Stanford,CB,2014,0,0,0,4,46,0,0,0,0,0,0,0,0,0,0,0,39,2,,StanR.00
Emmanuel Stephens,DL,2012,0,0,0,3,19,0,0,0,0,0,0,0,0,0,0,0,17,,1.0,StepEm00
Byron Stingily,OT,2014,0,0,0,4,20,0,0,0,0,0,0,0,0,0,0,0,,,,StinBy00
Luke Stocker,TE,2021,0,0,7,5,142,0,0,0,0,0,1,0,0,85,705,5,8,,,StocLu00
Ronald Talley,DE,2013,0,0,0,2,15,0,0,0,0,0,0,0,0,0,0,0,10,,1.0,TallRo00
Phillip Tanner,RB,2014,0,0,0,2,41,0,0,0,0,0,56,149,2,9,93,0,9,,,TannPh00
Jeff Tarpinian,LB,2014,0,0,0,4,32,0,0,0,0,0,0,0,0,0,0,0,30,,0.5,TarpJe00
Ben Tate,RB,2014,0,0,0,14,51,0,0,0,0,0,540,2363,14,67,347,0,,,,TateBe00
Kerry Taylor,WR,2013,0,0,0,1,10,0,0,0,0,0,0,0,0,22,229,1,1,,,TaylKe00
Phil Taylor,DL,2014,0,0,2,19,44,0,0,0,0,0,0,0,0,0,0,0,69,,7.0,TaylPh00
Ryan Taylor,TE,2014,0,0,0,0,59,0,0,0,0,0,0,0,0,8,45,1,15,,,TaylRy00
Tyrod Taylor,QB,2021,0,1,3,44,78,946,1542,10736,59,25,361,2001,19,2,10,0,,,,TaylTy00
Mike Tepper,T,2011,0,0,0,2,6,0,0,0,0,0,0,0,0,0,0,0,,,,TeppMi00
Martin Tevaseu,DT,2012,0,0,0,2,18,0,0,0,0,0,0,0,0,0,0,0,7,,,TevaMa00
Daniel Thomas,RB,2014,0,0,0,11,52,0,0,0,0,0,409,1480,10,55,412,3,3,,,ThomDa03
J.T. Thomas,LB,2017,0,0,2,12,62,0,0,0,0,0,0,0,0,0,0,0,102,2,0.5,ThomJ.02
Josh Thomas,DB,2015,0,0,0,7,52,0,0,0,0,0,0,0,0,0,0,0,55,1,,ThomJo01
Julius Thomas,TE,2017,0,2,5,21,71,0,0,0,0,0,0,0,0,226,2406,36,,,,ThomJu00
Kevin Thomas,DB,2011,0,0,0,2,9,0,0,0,0,0,0,0,0,0,0,0,20,,,ThomKe99
Brandyn Thompson,DB,2011,0,0,0,1,6,0,0,0,0,0,0,0,0,0,0,0,2,,,ThomBr00
Cedric Thornton,DT,2017,0,0,3,24,89,0,0,0,0,0,0,0,0,0,0,0,149,,7.5,ThorCe00
Jordan Todman,RB,2017,0,0,0,5,75,0,0,0,0,0,124,531,3,40,314,2,20,,,TodmJo00
Scott Tolzien,QB,2017,0,0,0,3,10,88,146,1065,2,9,16,57,1,0,0,0,,,,TolzSc00
Manase Tonga,FB,2011,0,0,0,0,11,0,0,0,0,0,1,12,0,3,18,0,,,,TongMa00
Adrian Tracy,LB,2012,0,0,0,1,16,0,0,0,0,0,0,0,0,0,0,0,9,,1.0,TracAd99
Patrick Trahan,LB,2012,0,0,0,0,6,0,0,0,0,0,0,0,0,0,0,0,1,,,TrahPa00
Justin Trattou,DE,2016,0,0,0,2,37,0,0,0,0,0,0,0,0,0,0,0,12,2,,TratJu00
Kiante Tripp,DL,2011,0,0,0,0,3,0,0,0,0,0,0,0,0,0,0,0,,,,TripKi00
Will Tukuafu,DT,2016,0,0,0,5,50,0,0,0,0,0,7,5,1,2,11,1,8,,,TukuWi00
Mitch Unrein,DT,2017,0,0,2,17,95,0,0,0,0,0,0,0,0,1,1,1,87,,4.5,UnreMi00
DeMarcus Van Dyke,DB,2013,0,0,0,3,25,0,0,0,0,0,0,0,0,0,0,0,14,1,,VanDDe00
Julian Vandervelde,OL,2015,0,0,0,1,18,0,0,0,0,0,0,0,0,0,0,0,,,,VandJu00
Winston Venable,S,2011,0,0,0,1,12,0,0,0,0,0,0,0,0,0,0,0,5,,,VenaWi00
Ross Ventrone,DB,2015,0,0,0,0,23,0,0,0,0,0,0,0,0,0,0,0,9,,,VentRo00
Shane Vereen,RB,2017,0,0,1,25,79,0,1,0,0,1,356,1489,8,221,1864,11,1,,,VereSh00
Darrin Walls,CB,2015,0,0,1,9,54,0,0,0,0,0,0,0,0,0,0,0,71,3,,WallDa00
Anthony Walters,S,2014,0,0,0,2,37,0,0,0,0,0,0,0,0,0,0,0,19,,,WaltAn01
Bryan Walters,WR,2016,0,0,0,6,42,0,1,0,0,0,2,2,0,65,683,3,,,,WaltBr00
Danny Watkins,OL,2013,0,0,1,9,24,0,0,0,0,0,0,0,0,0,0,0,,,,WatkDa00
J.J. Watt,DE,2021,5,5,9,107,135,0,0,0,0,0,0,0,0,3,4,3,419,2,102.0,WattJ.00
Thomas Welch,T,2013,0,0,0,2,27,0,0,0,0,0,0,0,0,0,0,0,,,,WelcTh20
Chastin West,WR,2011,0,0,0,1,12,0,0,0,0,0,0,0,0,13,163,2,1,,,WestCh00
Ryan Whalen,WR,2013,0,0,0,0,17,0,0,0,0,0,0,0,0,11,80,0,2,,,WhalRy00
Chris White,LB,2014,0,0,0,3,51,0,0,0,0,0,0,0,0,0,0,0,26,,,WhitCh03
Johnny White,RB,2012,0,0,0,0,19,0,0,0,0,0,20,72,0,1,-3,0,6,,,WhitJo01
Markus White,DE,2012,0,0,0,0,5,0,0,0,0,0,0,0,0,0,0,0,,,,WhitMa01
Kenny Wiggins,T,2020,0,0,2,20,79,0,0,0,0,0,0,0,0,0,0,0,,,,WiggKe00
Michael Wilhoite,LB,2017,0,0,3,22,79,0,0,0,0,0,0,0,0,0,0,0,231,4,0.5,WilhMi00
Muhammad Wilkerson,DT,2018,0,1,7,58,108,0,0,0,0,0,0,0,0,0,0,0,245,2,44.5,WilkMu00
Aaron Williams,DB,2016,0,0,4,17,59,0,0,0,0,0,0,0,0,0,0,0,184,7,,WillAa00
Chavis Williams,LB,2011,0,0,0,0,5,0,0,0,0,0,0,0,0,0,0,0,1,,,WillCh01
D.J. Williams,TE,2013,0,0,0,4,35,0,0,0,0,0,0,0,0,9,70,0,3,,,WillD.00
Ian Williams,DT,2015,0,0,2,12,31,0,0,0,0,0,0,0,0,0,0,0,67,,2.0,WillIa00
Jabara Williams,OLB,2011,0,0,0,0,7,0,0,0,0,0,0,0,0,0,0,0,1,,,WillJa12
Jacquian Williams,OLB,2014,0,0,1,13,51,0,0,0,0,0,0,0,0,0,0,0,173,,2.0,WillJa02
Keith Williams,OL,2012,0,0,0,0,2,0,0,0,0,0,0,0,0,0,0,0,,,,WillKe04
LaQuan Williams,WR,2012,0,0,0,0,23,0,0,0,0,0,0,0,0,4,46,0,7,,,WillLa01
Malcolm Williams,DB,2012,0,0,0,0,4,0,0,0,0,0,0,0,0,0,0,0,1,,,WillMa01
Ryan Williams,RB,2012,0,0,0,1,5,0,0,0,0,0,58,164,0,7,44,0,,,,WillRy00
Teddy Williams,CB,2016,0,0,0,1,36,0,0,0,0,0,0,0,0,1,51,0,18,1,,WillTe00
Zack Williams,OL,2012,0,0,0,0,1,0,0,0,0,0,0,0,0,0,0,0,,,,WillZa01
Jimmy Wilson,DB,2015,0,0,1,12,73,0,0,0,0,0,0,0,0,0,0,0,166,5,3.0,WilsJi00
Martez Wilson,OLB,2013,0,0,0,2,38,0,0,0,0,0,0,0,0,0,0,0,25,,5.0,WilsMa01
Tracy Wilson,S,2012,0,0,0,0,14,0,0,0,0,0,0,0,0,0,0,0,7,,,WilsTr01
Stefen Wisniewski,LG,2020,0,0,6,41,139,0,0,0,0,0,0,0,0,0,0,0,,,,WisnSt01
Doug Worthington,DE,2015,0,0,0,0,8,0,0,0,0,0,0,0,0,0,0,0,2,,,WortDo99
K.J. Wright,LB,2021,0,1,10,64,161,0,0,0,0,0,0,0,0,0,0,0,618,6,13.5,WrigK.00
Shareece Wright,DB,2018,0,0,2,21,91,0,0,0,0,0,0,0,0,0,0,0,269,2,,WrigSh00
T.J. Yates,QB,2017,0,0,0,6,22,179,324,2057,10,11,28,107,1,0,0,0,,,,YateT.00
Will Yeatman,TE,2013,0,0,0,1,15,0,0,0,0,0,0,0,0,0,0,0,,,,YeatWi00
Titus Young,WR,2012,0,0,2,8,26,0,0,0,0,0,4,31,0,81,990,10,,,,YounTi00
Christian Yount,LS,2014,0,0,0,3,60,0,0,0,0,0,0,0,0,0,0,0,5,,,YounCh02
Lee Ziemba,OL,2011,0,0,0,1,6,0,0,0,0,0,0,0,0,0,0,0,,,,ZiemLe00